{"cameraMode":{"drawMode":0,"name":"Shaded","section":"Shading Mode"},"sceneLighting":true,"audioPlay":false,"sceneViewState":{"m_AlwaysRefresh":false,"showFog":true,"showSkybox":true,"showFlares":true,"showImageEffects":true,"showParticleSystems":true,"showVisualEffectGraphs":true,"m_FxEnabled":true},"in2DMode":false,"pivot":{"x":1.8261289596557618,"y":-0.5277631282806397,"z":2.9733781814575197},"rotation":{"x":0.26265883445739748,"y":0.5132027864456177,"z":-0.16860774159431458,"w":0.7995963096618652},"size":3.5052523612976076,"orthographic":false}